{
    "mse": 445770.1420537957,
    "rmse": 667.6601995429978,
    "mae": 556.1830153904119,
    "r_squared": 0.7328998710557926
}