{
    "theta0": 8476.881718143033,
    "theta1": -0.021232909711393518
}